<?xml version="1.0" encoding="UTF-8"?>
<project default="generate" name="A2">
    <property name="ECLIPSE_HOME" value="../../../../../eclipse/modeling-photon/eclipse"/>
    <property name="ECLIPSE_WORKSPACE" value="../../../../../eclipse-workspace"/>

    <!-- The classpath with only the dependencies used by the project -->
    <path id="A2.libraryclasspath">
        <pathelement location="${ECLIPSE_WORKSPACE}/A2/bin"/>
        <pathelement location="${ECLIPSE_WORKSPACE}//.metadata/.plugins/org.eclipse.pde.core/.external_libraries/seg.jUCMNav_7.0.0/jUCMNav.jar"/>
        <pathelement location="${ECLIPSE_WORKSPACE}//.metadata/.plugins/org.eclipse.pde.core/.external_libraries/seg.jUCMNav_7.0.0/lib/jdom.jar"/>
        <pathelement location="${ECLIPSE_WORKSPACE}//.metadata/.plugins/org.eclipse.pde.core/.external_libraries/seg.jUCMNav_7.0.0/lib/itext-2.0.6.jar"/>
        <pathelement location="${ECLIPSE_WORKSPACE}//.metadata/.plugins/org.eclipse.pde.core/.external_libraries/seg.jUCMNav_7.0.0/lib/meval.jar"/>
        <pathelement location="${ECLIPSE_WORKSPACE}//.metadata/.plugins/org.eclipse.pde.core/.external_libraries/seg.jUCMNav_7.0.0/lib/JaCoP-3.0-final.jar"/>
        <pathelement location="${ECLIPSE_WORKSPACE}//.metadata/.plugins/org.eclipse.pde.core/.external_libraries/seg.jUCMNav_7.0.0/lib/core.jar"/>
    </path>

    <path id="A2.classpath">
        <path refid="A2.libraryclasspath"/>
    </path>

    <!-- The classpath with only the jars available in the plugin folder of Eclipse -->
    <path id="A2.libraryclasspath.alljars">
        <pathelement location="../A2/bin"/>
        <fileset dir="${ECLIPSE_HOME}/plugins/" includes="*.jar"/>
    </path>

    <path id="A2.classpath.alljars">
        <path refid="A2.libraryclasspath.alljars"/>
    </path>

    <!-- The default task with the jars used by this project -->
    <target name="generate">
        <java classname="A2.main.Generate" classpathref="A2.classpath">
            <arg value="${model}"/>
            <arg value="${target}"/>
        </java>
    </target>

    <!--
        In case of problem you can also try with all the jar available in your Eclipse
        Keep in mind that having two versions of the same jar can create problems
    -->
    <target name="generate.alljars">
        <java classname="A2.main.Generate" classpathref="A2.classpath">
            <arg value="${model}"/>
            <arg value="${target}"/>
        </java>
    </target>
</project>
